i	seq1
1	M
2	M
3	R
4	S
5	H
6	Y
7	C
8	G
9	Q
10	L
11	N
12	E
13	S
14	L
15	E
16	G
17	Q
18	E
19	I
20	T
21	L
22	C
23	G
24	W
25	V
26	H
27	R
28	R
29	R
30	D
31	H
32	G
33	G
34	V
35	I
36	F
37	L
38	D
39	I
40	R
41	D
42	R
43	E
44	G
45	M
46	A
47	Q
48	V
49	V
50	F
51	D
52	P
53	D
54	R
55	A
56	D
57	S
58	F
59	A
60	A
61	A
62	D
63	R
64	V
65	R
66	S
67	E
68	Y
69	V
70	V
71	K
72	V
73	V
74	G
75	K
76	V
77	R
78	A
79	R
80	P
81	A
82	G
83	A
84	V
85	N
86	A
87	N
88	M
89	A
90	S
91	G
92	A
93	I
94	E
95	V
96	L
97	G
98	Y
99	E
100	L
101	E
102	V
103	L
104	N
105	E
106	S
107	E
108	T
109	P
110	P
111	F
112	P
113	L
114	N
115	E
116	Y
117	S
118	D
119	V
120	G
121	E
122	E
123	T
124	R
125	L
126	R
127	Y
128	R
129	F
130	I
131	D
132	L
133	R
134	R
135	P
136	E
137	M
138	A
139	E
140	K
141	L
142	R
143	L
144	R
145	S
146	R
147	I
148	T
149	T
150	S
151	I
152	R
153	R
154	Y
155	L
156	D
157	E
158	N
159	G
160	F
161	L
162	D
163	V
164	E
165	T
166	P
167	I
168	L
169	T
170	R
171	A
172	T
173	P
174	E
175	G
176	A
177	R
178	D
179	Y
180	L
181	V
182	P
183	S
184	R
185	T
186	H
187	P
188	G
189	S
190	F
191	F
192	A
193	L
194	P
195	Q
196	S
197	P
198	Q
199	L
200	F
201	K
202	Q
203	L
204	L
205	M
206	V
207	A
208	G
209	F
210	D
211	R
212	Y
213	Y
214	Q
215	I
216	A
217	K
218	C
219	F
220	R
221	D
222	E
223	D
224	L
225	R
226	A
227	D
228	R
229	Q
230	P
231	E
232	F
233	T
234	Q
235	I
236	D
237	I
238	E
239	T
240	S
241	F
242	L
243	N
244	E
245	E
246	D
247	I
248	I
249	G
250	L
251	T
252	E
253	K
254	M
255	V
256	R
257	Q
258	L
259	F
260	K
261	E
262	V
263	L
264	N
265	V
266	E
267	F
268	G
269	D
270	F
271	P
272	H
273	M
274	T
275	F
276	E
277	E
278	A
279	M
280	R
281	R
282	Y
283	G
284	S
285	D
286	K
287	P
288	D
289	L
290	R
291	N
292	P
293	L
294	E
295	L
296	V
297	D
298	V
299	A
300	D
301	Q
302	L
303	N
304	A
305	V
306	E
307	F
308	K
309	V
310	F
311	S
312	G
313	P
314	A
315	N
316	D
317	P
318	K
319	G
320	R
321	V
322	A
323	A
324	L
325	R
326	V
327	P
328	G
329	A
330	A
331	S
332	M
333	A
334	R
335	S
336	Q
337	I
338	D
339	D
340	Y
341	T
342	K
343	F
344	V
345	S
346	I
347	Y
348	G
349	A
350	K
351	G
352	L
353	A
354	Y
355	I
356	K
357	V
358	N
359	E
360	R
361	A
362	K
363	G
364	P
365	E
366	G
367	L
368	Q
369	S
370	P
371	I
372	V
373	K
374	F
375	I
376	P
377	E
378	E
379	N
380	L
381	N
382	V
383	I
384	L
385	D
386	R
387	V
388	G
389	A
390	V
391	D
392	G
393	D
394	I
395	V
396	F
397	F
398	G
399	A
400	D
401	K
402	F
403	K
404	V
405	V
406	S
407	E
408	A
409	L
410	G
411	A
412	L
413	R
414	I
415	K
416	I
417	G
418	N
419	D
420	L
421	K
422	L
423	H
424	T
425	C
426	E
427	W
428	A
429	P
430	M
431	W
432	V
433	V
434	D
435	F
436	P
437	M
438	F
439	E
440	E
441	N
442	D
443	D
444	G
445	S
446	F
447	S
448	A
449	L
450	H
451	H
452	P
453	F
454	T
455	A
456	P
457	K
458	C
459	T
460	P
461	E
462	E
463	L
464	E
465	A
466	N
467	P
468	A
469	T
470	A
471	L
472	S
473	R
474	A
475	Y
476	D
477	M
478	V
479	L
480	N
481	G
482	T
483	E
484	L
485	G
486	G
487	G
488	S
489	I
490	R
491	I
492	H
493	R
494	K
495	E
496	M
497	Q
498	Q
499	A
500	V
501	F
502	R
503	L
504	L
505	G
506	I
507	A
508	E
509	D
510	E
511	Q
512	Q
513	E
514	K
515	F
516	G
517	F
518	L
519	L
520	D
521	A
522	L
523	K
524	Y
525	G
526	A
527	P
528	P
529	H
530	G
531	G
532	L
533	A
534	F
535	G
536	L
537	D
538	R
539	L
540	V
541	M
542	L
543	M
544	T
545	G
546	A
547	Q
548	S
549	I
550	R
551	E
552	V
553	I
554	A
555	F
556	P
557	K
558	T
559	Q
560	S
561	A
562	A
563	D
564	V
565	M
566	T
567	Q
568	A
569	P
570	G
571	V
572	V
573	D
574	A
575	K
576	A
577	L
578	R
579	E
580	L
581	H
582	I
583	R
584	L
585	R
586	E
587	Q
588	P
589	K
590	A
591	E
