i	seq1	PF00152
121	E	2.0
122	E	3.0
123	T	4.0
124	R	5.0
125	L	6.0
126	R	7.0
127	Y	8.0
128	R	9.0
129	F	10.0
130	I	11.0
131	D	12.0
132	L	13.0
133	R	14.0
134	R	15.0
135	P	16.0
136	E	17.0
137	M	18.0
138	A	19.0
139	E	20.0
140	K	21.0
141	L	22.0
142	R	23.0
143	L	24.0
144	R	25.0
145	S	26.0
146	R	27.0
147	I	28.0
148	T	29.0
149	T	30.0
150	S	31.0
151	I	32.0
152	R	33.0
153	R	34.0
154	Y	35.0
155	L	36.0
156	D	37.0
157	E	38.0
158	N	39.0
159	G	40.0
160	F	41.0
161	L	42.0
162	D	43.0
163	V	44.0
164	E	45.0
165	T	46.0
166	P	47.0
167	I	48.0
168	L	49.0
169	T	50.0
170	R	51.0
171	A	52.0
172	T	54.0
173	P	55.0
174	E	56.0
175	G	57.0
176	A	58.0
177	R	59.0
178	D	60.0
179	Y	61.0
180	L	62.0
181	V	63.0
182	P	64.0
183	S	65.0
184	R	66.0
185	T	67.0
186	H	68.0
187	P	69.0
188	G	70.0
189	S	71.0
190	F	72.0
191	F	73.0
192	A	74.0
193	L	75.0
194	P	76.0
195	Q	77.0
196	S	78.0
197	P	79.0
198	Q	80.0
199	L	81.0
200	F	82.0
201	K	83.0
202	Q	84.0
203	L	85.0
204	L	86.0
205	M	87.0
206	V	88.0
207	A	89.0
208	G	90.0
209	F	91.0
210	D	92.0
211	R	93.0
212	Y	94.0
213	Y	95.0
214	Q	96.0
215	I	97.0
216	A	98.0
217	K	99.0
218	C	100.0
219	F	101.0
220	R	102.0
221	D	103.0
222	E	104.0
223	D	105.0
224	L	106.0
225	R	107.0
226	A	108.0
227	D	109.0
228	R	110.0
229	Q	111.0
230	P	112.0
231	E	114.0
232	F	115.0
233	T	116.0
234	Q	117.0
235	I	118.0
236	D	119.0
237	I	120.0
238	E	121.0
239	T	122.0
240	S	123.0
241	F	124.0
242	L	125.0
243	N	126.0
244	E	127.0
245	E	128.0
246	D	129.0
247	I	130.0
248	I	131.0
249	G	132.0
250	L	133.0
251	T	134.0
252	E	135.0
253	K	136.0
254	M	137.0
255	V	138.0
256	R	139.0
257	Q	140.0
258	L	141.0
259	F	142.0
260	K	143.0
261	E	144.0
262	V	145.0
263	L	147.0
264	N	148.0
265	V	149.0
266	E	163.0
267	F	164.0
268	G	165.0
269	D	167.0
270	F	168.0
271	P	169.0
272	H	170.0
273	M	171.0
274	T	172.0
275	F	173.0
276	E	174.0
277	E	175.0
278	A	176.0
279	M	177.0
280	R	178.0
281	R	179.0
282	Y	185.0
283	G	186.0
284	S	187.0
285	D	188.0
286	K	189.0
287	P	190.0
288	D	191.0
289	L	192.0
290	R	193.0
291	N	194.0
292	P	195.0
293	L	196.0
294	E	197.0
295	L	
296	V	
297	D	
298	V	
299	A	
300	D	
301	Q	
302	L	
303	N	
304	A	
305	V	
306	E	
307	F	
308	K	
309	V	
310	F	
311	S	
312	G	
313	P	
314	A	
315	N	
316	D	
317	P	
318	K	
319	G	
320	R	
321	V	
322	A	
323	A	
324	L	
325	R	
326	V	
327	P	
328	G	
329	A	
330	A	
331	S	
332	M	
333	A	
334	R	
335	S	
336	Q	
337	I	
338	D	
339	D	
340	Y	
341	T	
342	K	
343	F	
344	V	
345	S	
346	I	
347	Y	
348	G	
349	A	
350	K	
351	G	
352	L	
353	A	
354	Y	
355	I	
356	K	
357	V	
358	N	
359	E	
360	R	
361	A	
362	K	
363	G	
364	P	
365	E	
366	G	
367	L	
368	Q	
369	S	
370	P	
371	I	
372	V	
373	K	
374	F	
375	I	
376	P	
377	E	
378	E	
379	N	
380	L	
381	N	
382	V	
383	I	
384	L	
385	D	
386	R	
387	V	
388	G	
389	A	
390	V	
391	D	
392	G	
393	D	
394	I	
395	V	
396	F	
397	F	
398	G	
399	A	
400	D	
401	K	
402	F	
403	K	
404	V	
405	V	
406	S	
407	E	
408	A	
409	L	
410	G	
411	A	
412	L	
413	R	
414	I	
415	K	
416	I	
417	G	
418	N	
419	D	
420	L	
421	K	
422	L	
423	H	
424	T	198.0
425	C	199.0
426	E	200.0
427	W	201.0
428	A	202.0
429	P	203.0
430	M	204.0
431	W	205.0
432	V	206.0
433	V	207.0
434	D	208.0
435	F	209.0
436	P	210.0
437	M	
438	F	
439	E	
440	E	
441	N	
442	D	
443	D	
444	G	
445	S	
446	F	
447	S	
448	A	211.0
449	L	212.0
450	H	213.0
451	H	214.0
452	P	215.0
453	F	216.0
454	T	217.0
455	A	218.0
456	P	219.0
457	K	220.0
458	C	221.0
459	T	222.0
460	P	223.0
461	E	224.0
462	E	
463	L	
464	E	
465	A	
466	N	
467	P	
468	A	
469	T	225.0
470	A	226.0
471	L	227.0
472	S	228.0
473	R	229.0
474	A	230.0
475	Y	231.0
476	D	232.0
477	M	233.0
478	V	234.0
479	L	235.0
480	N	236.0
481	G	237.0
482	T	238.0
483	E	239.0
484	L	240.0
485	G	241.0
486	G	242.0
487	G	243.0
488	S	244.0
489	I	245.0
490	R	246.0
491	I	247.0
492	H	248.0
493	R	249.0
494	K	250.0
495	E	251.0
496	M	252.0
497	Q	253.0
498	Q	254.0
499	A	255.0
500	V	256.0
501	F	257.0
502	R	258.0
503	L	259.0
504	L	260.0
505	G	261.0
506	I	262.0
507	A	263.0
508	E	
509	D	264.0
510	E	265.0
511	Q	266.0
512	Q	267.0
513	E	268.0
514	K	269.0
515	F	270.0
516	G	271.0
517	F	272.0
518	L	273.0
519	L	274.0
520	D	275.0
521	A	276.0
522	L	277.0
523	K	278.0
524	Y	279.0
525	G	280.0
526	A	281.0
527	P	282.0
528	P	283.0
529	H	284.0
530	G	285.0
531	G	286.0
532	L	287.0
533	A	288.0
534	F	289.0
535	G	290.0
536	L	291.0
537	D	292.0
538	R	293.0
539	L	294.0
540	V	295.0
541	M	296.0
542	L	297.0
543	M	298.0
544	T	299.0
545	G	300.0
546	A	301.0
547	Q	302.0
548	S	303.0
549	I	304.0
550	R	305.0
551	E	306.0
552	V	307.0
553	I	308.0
554	A	309.0
555	F	310.0
556	P	311.0
557	K	312.0
558	T	313.0
559	Q	314.0
